{"episode_reward_max": -72.68735429337247, "episode_reward_min": -88.63887930305023, "episode_reward_mean": -78.87790239098915, "episode_len_mean": 96.0, "episode_media": {}, "episodes_this_iter": 40, "policy_reward_min": {}, "policy_reward_max": {}, "policy_reward_mean": {}, "custom_metrics": {}, "hist_stats": {"episode_reward": [-80.01090951553766, -81.70000576300882, -72.95175198963615, -87.83841816897865, -83.9412118637594, -74.64802142044881, -73.80055036874592, -80.39976345894054, -76.76952768105643, -77.53299863474865, -74.2857282881608, -80.0830830214822, -80.53428242484325, -79.50366303738943, -80.47683964158111, -80.5809377364921, -76.67020359875337, -83.61095703173696, -72.68735429337247, -78.13345299714084, -79.15075847584185, -83.85241449405575, -72.70890017665712, -84.07225248563753, -77.24480256803946, -78.65113964332039, -88.63887930305023, -74.04163651067807, -76.24954337945704, -76.39288652587852, -79.7108888926134, -75.17741667696326, -74.04874839205874, -80.46940443869329, -79.8127956486898, -75.56494568828222, -76.39286830067867, -82.03803487052143, -83.43019702630065, -81.3079212063353], "episode_lengths": [96, 96, 96, 96, 96, 96, 96, 96, 96, 96, 96, 96, 96, 96, 96, 96, 96, 96, 96, 96, 96, 96, 96, 96, 96, 96, 96, 96, 96, 96, 96, 96, 96, 96, 96, 96, 96, 96, 96, 96]}, "sampler_perf": {"mean_raw_obs_processing_ms": 0.367598110965724, "mean_inference_ms": 1.1977101086677238, "mean_action_processing_ms": 0.09089671121852079, "mean_env_wait_ms": 0.5642758177758453, "mean_env_render_ms": 0.0}, "off_policy_estimator": {}, "num_healthy_workers": 5, "timesteps_total": 20000, "timesteps_this_iter": 0, "agent_timesteps_total": 20000, "timers": {"sample_time_ms": 8979.448, "sample_throughput": 2227.308, "load_time_ms": 0.571, "load_throughput": 35025503.132, "learn_time_ms": 1030.017, "learn_throughput": 19417.148, "update_time_ms": 7.617}, "info": {"learner": {"default_policy": {"learner_stats": {"allreduce_latency": 0.0, "cur_kl_coeff": 0.2, "cur_lr": 0.0005, "total_loss": 41.03520202636719, "policy_loss": -0.0007215545692478287, "vf_loss": 41.05783462524414, "vf_explained_var": 5.59389591217041e-05, "kl": 0.0002856261589859882, "entropy": 2.196887969970703, "entropy_coeff": 0.01}, "model": {}, "custom_metrics": {}}}, "num_steps_sampled": 20000, "num_agent_steps_sampled": 20000, "num_steps_trained": 20000, "num_agent_steps_trained": 20000}, "done": false, "episodes_total": 40, "training_iteration": 1, "trial_id": "bd3a6_00000", "experiment_id": "fbbb53c256b14242b12973d52a6272ca", "date": "2023-12-16_12-45-55", "timestamp": 1702709155, "time_this_iter_s": 10.003069162368774, "time_total_s": 10.003069162368774, "pid": 38010, "hostname": "HPC005", "node_ip": "10.33.1.26", "config": {"num_workers": 5, "num_envs_per_worker": 1, "create_env_on_driver": false, "rollout_fragment_length": 200, "batch_mode": "truncate_episodes", "gamma": 0.99, "lr": 0.0005, "train_batch_size": 20000, "model": {"_use_default_native_models": false, "_disable_preprocessor_api": false, "fcnet_hiddens": [256, 256], "fcnet_activation": "tanh", "conv_filters": null, "conv_activation": "relu", "post_fcnet_hiddens": [], "post_fcnet_activation": "relu", "free_log_std": false, "no_final_linear": false, "vf_share_layers": false, "use_lstm": false, "max_seq_len": 20, "lstm_cell_size": 256, "lstm_use_prev_action": false, "lstm_use_prev_reward": false, "_time_major": false, "use_attention": false, "attention_num_transformer_units": 1, "attention_dim": 64, "attention_num_heads": 1, "attention_head_dim": 32, "attention_memory_inference": 50, "attention_memory_training": 50, "attention_position_wise_mlp_dim": 32, "attention_init_gru_gate_bias": 2.0, "attention_use_n_prev_actions": 0, "attention_use_n_prev_rewards": 0, "framestack": true, "dim": 84, "grayscale": false, "zero_mean": true, "custom_model": "Centralized_Critic_Model", "custom_model_config": {"env": "magym", "env_args": {"max_steps": 96, "map_name": "PowerGrid"}, "mask_flag": false, "global_state_flag": false, "opp_action_in_cc": true, "agent_level_batch_update": true, "force_coop": false, "local_mode": true, "share_policy": "all", "evaluation_interval": 50, "framework": "torch", "num_workers": 5, "num_gpus": 0, "num_cpus_per_worker": 1, "num_gpus_per_worker": 0, "checkpoint_freq": 50, "checkpoint_end": true, "restore_path": {"model_path": "", "params_path": ""}, "stop_iters": 9999999, "stop_timesteps": 2000000, "stop_reward": 999999, "seed": 321, "local_dir": "", "model_arch_args": {"hidden_state_size": 256, "core_arch": "mlp", "fc_layer": 2, "out_dim_fc_0": 128, "out_dim_fc_1": 64, "encode_layer": "128-128"}, "algorithm": "mappo", "space_obs": "Dict(obs:Box([9.0e-04 0.0e+00 1.5e+01 8.0e+00 1.0e+01 1.0e+01], [4.5e-03 8.0e+00 1.5e+01 8.0e+00 1.0e+01 1.0e+01], (6,), float32))", "space_act": "Discrete(9)", "num_agents": 5, "episode_limit": 10000, "policy_mapping_info": {"Checkers": {"description": "two team cooperate", "team_prefix": ["red_", "blue_"], "all_agents_one_policy": true, "one_agent_one_policy": true}, "Switch2": {"description": "two team cooperate", "team_prefix": ["red_", "blue_"], "all_agents_one_policy": true, "one_agent_one_policy": true}, "PowerGrid": {"description": "five team cooperate", "team_prefix": ["1", "2", "3", "4", "5"], "all_agents_one_policy": true, "one_agent_one_policy": true}}, "agent_name_ls": ["1", "2", "3", "4", "5"]}, "custom_action_dist": null, "custom_preprocessor": null, "lstm_use_prev_action_reward": -1}, "optimizer": {}, "horizon": null, "soft_horizon": false, "no_done_at_end": false, "env": "magym_PowerGrid", "observation_space": null, "action_space": null, "env_config": {}, "remote_worker_envs": false, "remote_env_batch_wait_ms": 0, "env_task_fn": null, "render_env": false, "record_env": false, "clip_rewards": null, "normalize_actions": true, "clip_actions": false, "preprocessor_pref": "deepmind", "log_level": "WARN", "callbacks": "<class 'ray.rllib.agents.callbacks.DefaultCallbacks'>", "ignore_worker_failures": false, "log_sys_usage": true, "fake_sampler": false, "framework": "torch", "eager_tracing": false, "explore": true, "exploration_config": {"type": "StochasticSampling"}, "evaluation_interval": 50, "evaluation_num_episodes": 10, "evaluation_parallel_to_training": false, "in_evaluation": false, "evaluation_config": {}, "evaluation_num_workers": 0, "custom_eval_function": null, "sample_async": false, "sample_collector": "<class 'ray.rllib.evaluation.collectors.simple_list_collector.SimpleListCollector'>", "observation_filter": "NoFilter", "synchronize_filters": true, "tf_session_args": {"intra_op_parallelism_threads": 2, "inter_op_parallelism_threads": 2, "gpu_options": {"allow_growth": true}, "log_device_placement": false, "device_count": {"CPU": 1}, "allow_soft_placement": true}, "local_tf_session_args": {"intra_op_parallelism_threads": 8, "inter_op_parallelism_threads": 8}, "compress_observations": false, "collect_metrics_timeout": 180, "metrics_smoothing_episodes": 100, "min_iter_time_s": 0, "timesteps_per_iteration": 0, "seed": 321, "extra_python_environs_for_driver": {}, "extra_python_environs_for_worker": {}, "num_gpus": 0, "_fake_gpus": false, "num_cpus_per_worker": 1, "num_gpus_per_worker": 0, "custom_resources_per_worker": {}, "num_cpus_for_driver": 1, "placement_strategy": "PACK", "input": "sampler", "input_config": {}, "actions_in_input_normalized": false, "input_evaluation": ["is", "wis"], "postprocess_inputs": false, "shuffle_buffer_size": 0, "output": null, "output_compress_columns": ["obs", "new_obs"], "output_max_file_size": 67108864, "multiagent": {"policies": {"default_policy": ["<class 'ray.rllib.policy.policy_template.MAPPOTorchPolicy'>", null, null, {}]}, "policy_map_capacity": 100, "policy_map_cache": null, "policy_mapping_fn": "<function run_cc.<locals>.<lambda> at 0x7f33400f8700>", "policies_to_train": null, "observation_fn": null, "replay_mode": "independent", "count_steps_by": "env_steps"}, "logger_config": null,